{
    "Linear 0": {
        "pos": [
            -334.6000000000001,
            366.99999999999983
        ],
        "properties": {
            "Layer": [
                5,
                "Input Layer"
            ],
            "bias": [
                3,
                true
            ],
            "n_in": [
                1,
                5
            ],
            "n_out": [
                1,
                10
            ]
        }
    },
    "Linear 1": {
        "pos": [
            230.39999999999992,
            514.9999999999999
        ],
        "properties": {
            "Layer": [
                5,
                "Hidden Layer"
            ],
            "bias": [
                3,
                true
            ],
            "n_in": [
                1,
                10
            ],
            "n_out": [
                1,
                20
            ]
        }
    },
    "Linear 2": {
        "pos": [
            661.4000000000001,
            380.9999999999999
        ],
        "properties": {
            "Layer": [
                5,
                "Output Layer"
            ],
            "bias": [
                3,
                true
            ],
            "n_in": [
                1,
                20
            ],
            "n_out": [
                1,
                10
            ]
        }
    },
    "beziers_coord": [
        [
            [
                464.3999999999999,
                602.0
            ],
            [
                663.3999999999999,
                466.99999999999994
            ]
        ],
        [
            [
                -90.60000000000008,
                454.0
            ],
            [
                227.39999999999992,
                602.0
            ]
        ]
    ],
    "rels": [
        [
            "Linear 1 Output 0",
            "Linear 2 Input 0"
        ],
        [
            "Linear 0 Output 0",
            "Linear 1 Input 0"
        ]
    ]
}